<?xml version="1.0" encoding="UTF-8"?>
<project-private xmlns="http://www.netbeans.org/ns/project-private/1">
    <editor-bookmarks xmlns="http://www.netbeans.org/ns/editor-bookmarks/2" lastBookmarkId="0"/>
    <open-files xmlns="http://www.netbeans.org/ns/projectui-open-files/2">
        <group>
            <file>file:/C:/Users/kargo/OneDrive/Documents/NetBeansProjects/Sewang%20Auto%20Empire/src/com/sewangautoempire/model/Model.java</file>
            <file>file:/C:/Users/kargo/OneDrive/Documents/NetBeansProjects/Sewang%20Auto%20Empire/src/com/sewangautoempire/view/SewangAutoEmpire.java</file>
            <file>file:/C:/Users/kargo/OneDrive/Documents/NetBeansProjects/Sewang%20Auto%20Empire/src/com/sewangautoempire/utils/StringUtil.java</file>
            <file>file:/C:/Users/kargo/OneDrive/Documents/NetBeansProjects/Sewang%20Auto%20Empire/src/com/sewangautoempire/controller/BinarySearch.java</file>
            <file>file:/C:/Users/kargo/OneDrive/Documents/NetBeansProjects/Sewang%20Auto%20Empire/src/com/sewangautoempire/controller/MergeSort.java</file>
        </group>
    </open-files>
</project-private>
